{
  "model_scores": {
    "o4-mini": {
      "CI": 0.41985,
      "HOC": 1.0,
      "CRI": 0.0727099999999999,
      "FAR_prime": 0.8498750000000002,
      "SAS_prime": 0.8210625,
      "Turn4_FAR": 0.8995625,
      "Turn4_rejection": 0.10043749999999996
    },
    "o3": {
      "CI": 0.3886442307692307,
      "HOC": 1.0,
      "CRI": 0.053696794871794636,
      "FAR_prime": 0.8696794871794873,
      "SAS_prime": 0.7789230769230768,
      "Turn4_FAR": 0.9495000000000001,
      "Turn4_rejection": 0.05049999999999988
    },
    "gpt-5": {
      "CI": 0.362560625,
      "HOC": 1.0,
      "CRI": 0.012069999999999564,
      "FAR_prime": 0.9154375000000001,
      "SAS_prime": 0.6493249999999999,
      "Turn4_FAR": 0.9828125,
      "Turn4_rejection": 0.017187500000000022
    },
    "claude-haiku-4-5": {
      "CI": 0.3675656249999999,
      "HOC": 1.0,
      "CRI": 0.0415499999999999,
      "FAR_prime": 0.9076875,
      "SAS_prime": 0.606375,
      "Turn4_FAR": 0.9653750000000001,
      "Turn4_rejection": 0.034624999999999906
    },
    "grok-4-fast-non-reasoning": {
      "CI": 0.45933749999999995,
      "HOC": 1.0,
      "CRI": 0.02699499999999993,
      "FAR_prime": 0.8328749999999999,
      "SAS_prime": 0.8713124999999999,
      "Turn4_FAR": 0.837875,
      "Turn4_rejection": 0.16212499999999996
    },
    "mistral-medium-2505": {
      "CI": 0.45543874999999995,
      "HOC": 1.0,
      "CRI": 0.05969999999999987,
      "FAR_prime": 0.7693749999999999,
      "SAS_prime": 0.8522000000000001,
      "Turn4_FAR": 0.8253125000000001,
      "Turn4_rejection": 0.17468749999999988
    },
    "phi-4": {
      "CI": 0.4367375,
      "HOC": 1.0,
      "CRI": 0.013599999999999971,
      "FAR_prime": 0.8370000000000001,
      "SAS_prime": 0.671,
      "Turn4_FAR": 0.8431875,
      "Turn4_rejection": 0.15681250000000002
    },
    "gpt-oss-120b": {
      "CI": 0.4414362499999999,
      "HOC": 1.0,
      "CRI": 0.017404999999999848,
      "FAR_prime": 0.79745,
      "SAS_prime": 0.8538125000000001,
      "Turn4_FAR": 0.8559375000000001,
      "Turn4_rejection": 0.14406249999999987
    },
    "Llama-4-Maverick-17B-128E-Instruct-FP8": {
      "CI": 0.4013412500000001,
      "HOC": 1.0,
      "CRI": 0.01607499999999949,
      "FAR_prime": 0.774,
      "SAS_prime": 0.6924125,
      "Turn4_FAR": 0.8899999999999999,
      "Turn4_rejection": 0.1100000000000001
    }
  },
  "correlations": {
    "parameter_count": {
      "r": -0.11032032252891912,
      "p": 0.7775241920897323,
      "ci_lower": -0.8135291387005292,
      "ci_upper": 0.6945687074342995,
      "n": 9,
      "paper_claim_r": 0.083,
      "paper_claim_p": 0.832
    },
    "architecture": {
      "r": -0.7819894930834045,
      "p": 0.012775668920895515,
      "ci_lower": -0.9770566428437262,
      "ci_upper": -0.3991227862583713,
      "n": 9,
      "paper_claim_r": 0.153,
      "paper_claim_p": 0.695
    },
    "turn4": {
      "rho": -0.9500000000000001,
      "p": 8.762523965086177e-05,
      "ci_lower": -1.0,
      "ci_upper": -0.7217391304347827,
      "n": 9,
      "paper_claim_rho": -0.817,
      "paper_claim_p": 0.007
    },
    "mmlu": {
      "rho": null,
      "p": null,
      "ci_lower": null,
      "ci_upper": null,
      "n": 0,
      "paper_claim_rho": 0.12,
      "paper_claim_p": 0.68,
      "paper_claim_n": 6
    }
  },
  "danger_zone": {
    "o4-mini": 7.000000000000001,
    "o3": 5.527638190954774,
    "gpt-5": 0.0,
    "claude-haiku-4-5": 0.0,
    "grok-4-fast-non-reasoning": 9.0,
    "mistral-medium-2505": 6.5,
    "phi-4": 3.0,
    "gpt-oss-120b": 17.5,
    "Llama-4-Maverick-17B-128E-Instruct-FP8": 8.0
  },
  "metadata": {
    "bootstrap_iterations": 10000,
    "random_seed": 42,
    "n_models": 9,
    "total_evaluations": 3600
  }
}