{
  "architecture_corrected": {
    "r": -0.6088548116620286,
    "p": 0.08183409998975948,
    "ci_lower": -0.947605493246002,
    "ci_upper": -0.048651561106017774,
    "n": 9
  },
  "reasoning_mean_ci": 0.3960113461538461,
  "nonreasoning_mean_ci": 0.43821375,
  "t_test": {
    "t": -2.030651235072061,
    "p": 0.0818340999897593
  },
  "changes": {
    "phi-4": "MOVED: reasoning \u2192 non-reasoning (base model lacks reasoning)",
    "gpt-oss-120b": "MOVED: non-reasoning \u2192 reasoning (has configurable reasoning)"
  }
}