{
  "ci_scores": {
    "o4-mini": 0.26256474999999996,
    "grok-4-fast-non-reasoning": 0.2994745,
    "mistral-medium-2505": 0.3051887499999999,
    "gpt-oss-120b": 0.2823292500000001,
    "o3": 0.2276876282051281,
    "phi-4": 0.29482874999999986,
    "gpt-5": 0.204782,
    "Llama-4-Maverick-17B-128E-Instruct-FP8": 0.25600749999999994,
    "claude-haiku-4-5": 0.21916125000000006
  },
  "formula": "Formula 3",
  "matches": 2,
  "spearman_rho": 0.65
}