{
  "spearman_rho": -0.3142857142857143,
  "p_value": 0.5440932944606414,
  "ci_lower": -1.0,
  "ci_upper": 1.0,
  "n": 6,
  "models": [
    "o3",
    "gpt-5",
    "grok-4-fast-non-reasoning",
    "phi-4",
    "gpt-oss-120b",
    "Llama-4-Maverick-17B-128E-Instruct-FP8"
  ],
  "mmlu_scores": [
    88.6,
    91.4,
    86.6,
    84.8,
    90.0,
    84.6
  ],
  "ci_scores": [
    0.3886442307692307,
    0.362560625,
    0.45933749999999995,
    0.4367375,
    0.4414362499999999,
    0.4013412500000001
  ],
  "paper_claim": {
    "rho": 0.12,
    "p": 0.68,
    "n": 6
  }
}