{
  "total": 31,
  "algorithmic_pass_rate": 0.967741935483871,
  "jury_pass_rate": null,
  "overall_pass_rate": 0.967741935483871,
  "avg_jury_score": null
}