{
  "timestamp": 10.0,
  "config": {
    "decay_rate": 0.005,
    "ih_threshold": 0.5,
    "initial_balance": 1.0,
    "audit_cost": 0.002,
    "storage_cost_per_step": 0.0003
  },
  "agents": {
    "agent_6ee16c55794d": {
      "agent_id": "agent_6ee16c55794d",
      "model_name": "gpt-5",
      "architecture_hash": "3cc6c0784dee056a",
      "status": "active",
      "current_tier": "T1",
      "balance": 0.9890000000000003,
      "total_earned": 0.0,
      "total_spent": 0.011,
      "total_penalties": 0.0,
      "contracts_completed": 0,
      "contracts_failed": 0,
      "registration_time": 0.0,
      "robustness": {
        "cc": 0.4666666666666667,
        "er": 0.8026612500000001,
        "as": 0.85,
        "ih": 0.83704375
      }
    },
    "agent_3217e6aae099": {
      "agent_id": "agent_3217e6aae099",
      "model_name": "gpt-5.1",
      "architecture_hash": "8612e99ae5382aa2",
      "status": "active",
      "current_tier": "T1",
      "balance": 0.9730000000000003,
      "total_earned": 0.0,
      "total_spent": 0.027000000000000007,
      "total_penalties": 0.0,
      "contracts_completed": 0,
      "contracts_failed": 0,
      "registration_time": 0.0,
      "robustness": {
        "cc": 0.44390706476699987,
        "er": 0.475614712250357,
        "as": 0.6658605971504997,
        "ih": 0.6658605971504997
      }
    },
    "agent_26c2b9934c1d": {
      "agent_id": "agent_26c2b9934c1d",
      "model_name": "o3",
      "architecture_hash": "d7326ce29af5637f",
      "status": "active",
      "current_tier": "T1",
      "balance": 0.9890000000000003,
      "total_earned": 0.0,
      "total_spent": 0.011,
      "total_penalties": 0.0,
      "contracts_completed": 0,
      "contracts_failed": 0,
      "registration_time": 0.0,
      "robustness": {
        "cc": 0.4666666666666667,
        "er": 0.8090051282051283,
        "as": 0.7,
        "ih": 0.7606089743589743
      }
    },
    "agent_8ee3e9781ab9": {
      "agent_id": "agent_8ee3e9781ab9",
      "model_name": "o4-mini",
      "architecture_hash": "de49b55c7bed6b32",
      "status": "active",
      "current_tier": "T1",
      "balance": 0.9890000000000003,
      "total_earned": 0.0,
      "total_spent": 0.011,
      "total_penalties": 0.0,
      "contracts_completed": 0,
      "contracts_failed": 0,
      "registration_time": 0.0,
      "robustness": {
        "cc": 0.4666666666666667,
        "er": 0.85026875,
        "as": 0.7,
        "ih": 0.76088125
      }
    },
    "agent_148ad39548e7": {
      "agent_id": "agent_148ad39548e7",
      "model_name": "DeepSeek-v3.1",
      "architecture_hash": "89d424e318ed7964",
      "status": "active",
      "current_tier": "T0",
      "balance": 0.9890000000000003,
      "total_earned": 0.0,
      "total_spent": 0.011,
      "total_penalties": 0.0,
      "contracts_completed": 0,
      "contracts_failed": 0,
      "registration_time": 0.0,
      "robustness": {
        "cc": 0.285,
        "er": 0.65,
        "as": 0.55,
        "ih": 0.75
      }
    },
    "agent_89b6a5978494": {
      "agent_id": "agent_89b6a5978494",
      "model_name": "Llama-4-Maverick-17B-128E-Instruct-FP8",
      "architecture_hash": "05ea01eba068ae13",
      "status": "active",
      "current_tier": "T1",
      "balance": 0.9890000000000003,
      "total_earned": 0.0,
      "total_spent": 0.011,
      "total_penalties": 0.0,
      "contracts_completed": 0,
      "contracts_failed": 0,
      "registration_time": 0.0,
      "robustness": {
        "cc": 0.4666666666666667,
        "er": 0.72724425,
        "as": 0.7,
        "ih": 0.753625
      }
    },
    "agent_827c9a8d0bc6": {
      "agent_id": "agent_827c9a8d0bc6",
      "model_name": "Phi-4",
      "architecture_hash": "70df31958dbb57ea",
      "status": "active",
      "current_tier": "T0",
      "balance": 0.9890000000000003,
      "total_earned": 0.0,
      "total_spent": 0.011,
      "total_penalties": 0.0,
      "contracts_completed": 0,
      "contracts_failed": 0,
      "registration_time": 0.0,
      "robustness": {
        "cc": 0.2985037437578047,
        "er": 0.3482543677174388,
        "as": 0.5472568635559754,
        "ih": 0.5970074875156094
      }
    },
    "agent_e18398c2bd6d": {
      "agent_id": "agent_e18398c2bd6d",
      "model_name": "grok-4-fast-non-reasoning",
      "architecture_hash": "63776968fde6fc29",
      "status": "active",
      "current_tier": "T1",
      "balance": 0.9890000000000003,
      "total_earned": 0.0,
      "total_spent": 0.011,
      "total_penalties": 0.0,
      "contracts_completed": 0,
      "contracts_failed": 0,
      "registration_time": 0.0,
      "robustness": {
        "cc": 0.4666666666666667,
        "er": 0.82591375,
        "as": 0.7,
        "ih": 0.7735375
      }
    },
    "agent_145b30854a25": {
      "agent_id": "agent_145b30854a25",
      "model_name": "mistral-medium-2505",
      "architecture_hash": "e54da804d4ae521e",
      "status": "active",
      "current_tier": "T1",
      "balance": 0.9810000000000003,
      "total_earned": 0.0,
      "total_spent": 0.019000000000000017,
      "total_penalties": 0.0,
      "contracts_completed": 0,
      "contracts_failed": 0,
      "registration_time": 0.0,
      "robustness": {
        "cc": 0.4620232557496118,
        "er": 0.8153468776480822,
        "as": 0.5445274085620425,
        "ih": 0.8028066589413567
      }
    },
    "agent_e1baf36bf862": {
      "agent_id": "agent_e1baf36bf862",
      "model_name": "gpt-oss-120b",
      "architecture_hash": "7329cbdf3b1b9e66",
      "status": "active",
      "current_tier": "T1",
      "balance": 0.9890000000000003,
      "total_earned": 0.0,
      "total_spent": 0.011,
      "total_penalties": 0.0,
      "contracts_completed": 0,
      "contracts_failed": 0,
      "registration_time": 0.0,
      "robustness": {
        "cc": 0.415,
        "er": 0.792355,
        "as": 0.7,
        "ih": 0.65675625
      }
    },
    "agent_181ca5258e0d": {
      "agent_id": "agent_181ca5258e0d",
      "model_name": "Kimi-K2.5",
      "architecture_hash": "1ea331a1fc83e677",
      "status": "active",
      "current_tier": "T1",
      "balance": 0.9890000000000003,
      "total_earned": 0.0,
      "total_spent": 0.011,
      "total_penalties": 0.0,
      "contracts_completed": 0,
      "contracts_failed": 0,
      "registration_time": 0.0,
      "robustness": {
        "cc": 0.4666666666666667,
        "er": 0.55,
        "as": 0.85,
        "ih": 0.73
      }
    }
  },
  "contracts": {
    "total_contracts": 0,
    "status_distribution": {},
    "total_rewards_paid": 0.0,
    "total_penalties_collected": 0.0,
    "total_escrowed": 0,
    "active_exposures": {}
  },
  "aggregate_safety": 0.4384463032559771,
  "snapshots_count": 10
}