{
  "total": 42,
  "algorithmic_pass_rate": 0.6190476190476191,
  "jury_pass_rate": 0.21428571428571427,
  "overall_pass_rate": 0.6190476190476191,
  "avg_jury_score": 0.963888888888889
}